﻿<?xml version="1.0" encoding="utf-8"?>
<TriggerInformation>
  <GeneralInformation>
    <Analytic_Type>3</Analytic_Type>
  </GeneralInformation>
  <Items>
    <Item>
      <X>34.7</X>
      <Y>1895</Y>
      <DateTime>5/2/2017 7:05:21 PM</DateTime>
    </Item>
    <Item>
      <X>36</X>
      <Y>2030</Y>
      <DateTime>5/2/2017 7:05:50 PM</DateTime>
    </Item>
    <Item>
      <X>29.3</X>
      <Y>1440</Y>
      <DateTime>5/2/2017 7:06:14 PM</DateTime>
    </Item>
    <Item>
      <X>40.1</X>
      <Y>2835</Y>
      <DateTime>5/2/2017 7:06:14 PM</DateTime>
    </Item>
    <Item>
      <X>35.7</X>
      <Y>3090</Y>
      <DateTime>5/2/2017 7:06:14 PM</DateTime>
    </Item>
    <Item>
      <X>42.4</X>
      <Y>3827</Y>
      <DateTime>5/2/2017 7:06:14 PM</DateTime>
    </Item>
    <Item>
      <X>40.3</X>
      <Y>3260</Y>
      <DateTime>5/2/2017 7:06:14 PM</DateTime>
    </Item>
    <Item>
      <X>37.3</X>
      <Y>2690</Y>
      <DateTime>5/2/2017 7:06:14 PM</DateTime>
    </Item>
    <Item>
      <X>40.9</X>
      <Y>3285</Y>
      <DateTime>5/2/2017 7:06:14 PM</DateTime>
    </Item>
    <Item>
      <X>38.3</X>
      <Y>2920</Y>
      <DateTime>5/2/2017 7:06:14 PM</DateTime>
    </Item>
    <Item>
      <X>38.5</X>
      <Y>3430</Y>
      <DateTime>5/2/2017 7:06:14 PM</DateTime>
    </Item>
    <Item>
      <X>41.4</X>
      <Y>3657</Y>
      <DateTime>5/2/2017 7:06:14 PM</DateTime>
    </Item>
    <Item>
      <X>39.7</X>
      <Y>3685</Y>
      <DateTime>5/2/2017 7:06:14 PM</DateTime>
    </Item>
    <Item>
      <X>39.7</X>
      <Y>3345</Y>
      <DateTime>5/2/2017 7:06:14 PM</DateTime>
    </Item>
    <Item>
      <X>41.1</X>
      <Y>3260</Y>
      <DateTime>5/2/2017 7:06:14 PM</DateTime>
    </Item>
    <Item>
      <X>38</X>
      <Y>2680</Y>
      <DateTime>5/2/2017 7:06:14 PM</DateTime>
    </Item>
    <Item>
      <X>38.7</X>
      <Y>2005</Y>
      <DateTime>5/2/2017 7:06:14 PM</DateTime>
    </Item>
 </Items>
</TriggerInformation>