﻿<?xml version="1.0" encoding="utf-8"?>
<TriggerInformation>
  <GeneralInformation>
    <Analytic_Type>1</Analytic_Type>
  </GeneralInformation>
  <Items>
    <Item>
      <X>0</X>
      <Y>3</Y>
      <DateTime>5/2/2017 7:05:21 PM</DateTime>
    </Item>
    <Item>
      <X>0</X>
      <Y>5</Y>
      <DateTime>5/2/2017 7:05:50 PM</DateTime>
    </Item>
    <Item>
      <X>0</X>
      <Y>6.5</Y>
      <DateTime>5/2/2017 7:06:14 PM</DateTime>
    </Item>
  </Items>
</TriggerInformation>